arquivo,tamanho_bytes,algoritmo,operacao,tempo_ns
dados_gutenberg/lt1k_73576_excerpt.txt,984,BR-BEPO,cifragem,116201
dados_gutenberg/lt1k_73576_excerpt.txt,984,BR-BEPO,decifragem,92083
dados_gutenberg/lt1k_73576_excerpt.txt,984,AES-256-CBC,cifragem,20911
dados_gutenberg/lt1k_73576_excerpt.txt,984,AES-256-CBC,decifragem,4464
dados_gutenberg/lt1k_73576_excerpt.txt,984,RSA-2048-OAEP-SHA256,cifragem,257428
dados_gutenberg/lt1k_73576_excerpt.txt,984,RSA-2048-OAEP-SHA256,decifragem,2069780
dados_gutenberg/73576-0.txt,9970,BR-BEPO,cifragem,1037548
dados_gutenberg/73576-0.txt,9970,BR-BEPO,decifragem,812184
dados_gutenberg/73576-0.txt,9970,AES-256-CBC,cifragem,18714
dados_gutenberg/73576-0.txt,9970,AES-256-CBC,decifragem,3298
dados_gutenberg/73576-0.txt,9970,RSA-2048-OAEP-SHA256,cifragem,1223011
dados_gutenberg/73576-0.txt,9970,RSA-2048-OAEP-SHA256,decifragem,17350152
dados_gutenberg/1065.txt,27070,BR-BEPO,cifragem,2813177
dados_gutenberg/1065.txt,27070,BR-BEPO,decifragem,2720823
dados_gutenberg/1065.txt,27070,AES-256-CBC,cifragem,38405
dados_gutenberg/1065.txt,27070,AES-256-CBC,decifragem,8286
dados_gutenberg/1065.txt,27070,RSA-2048-OAEP-SHA256,cifragem,3819678
dados_gutenberg/1065.txt,27070,RSA-2048-OAEP-SHA256,decifragem,45469742
dados_gutenberg/41102-0.txt,107810,BR-BEPO,cifragem,16490251
dados_gutenberg/41102-0.txt,107810,BR-BEPO,decifragem,12111146
dados_gutenberg/41102-0.txt,107810,AES-256-CBC,cifragem,371091
dados_gutenberg/41102-0.txt,107810,AES-256-CBC,decifragem,23725
dados_gutenberg/41102-0.txt,107810,RSA-2048-OAEP-SHA256,cifragem,14935957
dados_gutenberg/41102-0.txt,107810,RSA-2048-OAEP-SHA256,decifragem,196248374
